Pagina con link,Ultima scansione
https://play.google.com/store/apps/details?id=com.rugbyradiolive.www.twa&hl=es_PA,2026-05-02
https://play.google.com/store/apps/details?id=com.rugbyradiolive.www.twa&hl=en_NZ,2026-04-20
https://chrome-stats.com/d/com.rugbyradiolive.www.twa?hl=ja,2026-03-22
https://forum.rugby.it/viewtopic.php?t=34574,2026-03-10
https://play.google.com/store/apps/details?id=com.rugbyradiolive.www.twa&hl=te,2026-02-23
https://play.google.com/store/apps/details?id=com.rugbyradiolive.www.twa&hl=tr,2026-02-21
https://play.google.com/store/apps/details?id=com.rugbyradiolive.www.twa&hl=mr,2026-02-20
https://play.google.com/store/apps/details?id=com.rugbyradiolive.www.twa&hl=ms,2026-02-20
https://play.google.com/store/apps/details?id=com.rugbyradiolive.www.twa&hl=si,2026-02-20
https://play.google.com/store/apps/details?id=com.rugbyradiolive.www.twa&hl=sl,2026-02-20
https://play.google.com/store/apps/details?id=com.rugbyradiolive.www.twa&hl=ta,2026-02-20
https://play.google.com/store/apps/details?id=com.rugbyradiolive.www.twa&hl=mk,2026-02-19
https://play.google.com/store/apps/details?id=com.rugbyradiolive.www.twa&hl=ml,2026-02-19
https://play.google.com/store/apps/details?id=com.rugbyradiolive.www.twa&hl=zh_HK,2026-02-18
https://play.google.com/store/apps/details?id=com.rugbyradiolive.www.twa&hl=lo,2026-02-17
https://play.google.com/store/apps/details?id=com.rugbyradiolive.www.twa&hl=pt_PT,2026-02-16
https://play.google.com/store/apps/details?id=com.rugbyradiolive.www.twa&hl=kn,2026-02-14
https://play.google.com/store/apps/details?id=com.rugbyradiolive.www.twa&hl=ln,2026-02-14
https://play.google.com/store/apps/details?id=com.rugbyradiolive.www.twa&hl=ky,2026-02-13
https://play.google.com/store/apps/details?id=com.rugbyradiolive.www.twa&hl=no,2026-02-13
https://play.google.com/store/apps/details?id=com.rugbyradiolive.www.twa&hl=pl,2026-02-13
https://play.google.com/store/apps/details?id=com.rugbyradiolive.www.twa&hl=ro,2026-02-13
https://play.google.com/store/apps/details?id=com.rugbyradiolive.www.twa&hl=sk,2026-02-13
https://play.google.com/store/apps/details?id=com.rugbyradiolive.www.twa&hl=sr,2026-02-13
https://play.google.com/store/apps/details?id=com.rugbyradiolive.www.twa&hl=sv,2026-02-13
https://play.google.com/store/apps/details?id=com.rugbyradiolive.www.twa&hl=sw,2026-02-13
https://play.google.com/store/apps/details?id=com.rugbyradiolive.www.twa&hl=ur,2026-02-13
https://play.google.com/store/apps/details?id=com.rugbyradiolive.www.twa&hl=uz,2026-02-13
https://play.google.com/store/apps/details?id=com.rugbyradiolive.www.twa&hl=vi,2026-02-13
https://play.google.com/store/apps/details?id=com.rugbyradiolive.www.twa&hl=zu,2026-02-11
https://play.google.com/store/apps/details?id=com.rugbyradiolive.www.twa&hl=nl,2026-02-10
https://play.google.com/store/apps/details?id=com.rugbyradiolive.www.twa&hl=uk,2026-02-10
https://play.google.com/store/apps/details?id=com.rugbyradiolive.www.twa&hl=zh_TW,2026-02-10
https://play.google.com/store/apps/details?id=com.rugbyradiolive.www.twa&hl=ko,2026-02-09
https://play.google.com/store/apps/details?id=com.rugbyradiolive.www.twa&hl=lt,2026-02-09
https://play.google.com/store/apps/details?id=com.rugbyradiolive.www.twa&hl=sq,2026-02-09
https://play.google.com/store/apps/details?id=com.rugbyradiolive.www.twa&hl=ka,2026-02-08
https://play.google.com/store/apps/details?id=com.rugbyradiolive.www.twa&hl=kk,2026-02-08
https://play.google.com/store/apps/details?id=com.rugbyradiolive.www.twa&hl=lv,2026-02-08
https://play.google.com/store/apps/details?id=com.rugbyradiolive.www.twa&hl=mn,2026-02-08
https://play.google.com/store/apps/details?id=com.rugbyradiolive.www.twa&hl=my,2026-02-08
https://play.google.com/store/apps/details?id=com.rugbyradiolive.www.twa&hl=ne,2026-02-08
https://play.google.com/store/apps/details?id=com.rugbyradiolive.www.twa&hl=or,2026-02-08
https://play.google.com/store/apps/details?id=com.rugbyradiolive.www.twa&hl=pa,2026-02-08
https://play.google.com/store/apps/details?id=com.rugbyradiolive.www.twa&hl=pt,2026-02-08
https://play.google.com/store/apps/details?id=com.rugbyradiolive.www.twa&hl=ru,2026-02-08
https://play.google.com/store/apps/details?id=com.rugbyradiolive.www.twa&hl=sr_Latn,2026-02-08
https://play.google.com/store/apps/details?id=com.rugbyradiolive.www.twa&hl=th,2026-02-08
https://play.google.com/store/apps/details?id=com.rugbyradiolive.www.twa&hl=zh,2026-02-08
https://play.google.com/store/apps/details?id=com.rugbyradiolive.www.twa&hl=km,2026-02-07
https://play.google.com/store/apps/details?id=com.rugbyradiolive.www.twa&hl=id,2026-02-06
https://play.google.com/store/apps/details?id=com.rugbyradiolive.www.twa&hl=ja,2026-01-28
https://play.google.com/store/apps/details?id=com.rugbyradiolive.www.twa&hl=hr,2026-01-26
https://play.google.com/store/apps/details?id=com.rugbyradiolive.www.twa&hl=is,2026-01-26
https://play.google.com/store/apps/details?id=com.rugbyradiolive.www.twa&hl=it,2026-01-26
https://play.google.com/store/apps/details?id=com.rugbyradiolive.www.twa&hl=hu,2026-01-25
https://play.google.com/store/apps/details?id=com.rugbyradiolive.www.twa&hl=hy,2026-01-25
https://play.google.com/store/apps/details?id=com.rugbyradiolive.www.twa&hl=gsw,2026-01-17
https://play.google.com/store/apps/details?id=com.rugbyradiolive.www.twa&hl=hi,2026-01-17
https://twstalker.com/RugbyRadioLive,2026-01-14
https://play.google.com/store/apps/details?id=com.rugbyradiolive.www.twa&hl=he,2026-01-05
https://play.google.com/store/apps/details?id=com.rugbyradiolive.www.twa&hl=gu,2025-12-01
https://play.google.com/store/apps/details?id=com.rugbyradiolive.www.twa&hl=gl,2025-11-17
https://play.google.com/store/apps/details?id=com.rugbyradiolive.www.twa&hl=fr,2025-11-13
https://play.google.com/store/apps/details?id=com.rugbyradiolive.www.twa&hl=fr_CA,2025-11-07
https://play.google.com/store/apps/details?id=com.rugbyradiolive.www.twa&hl=fi,2025-11-03
https://play.google.com/store/apps/details?id=com.rugbyradiolive.www.twa&hl=fil,2025-11-03
https://play.google.com/store/apps/details?id=com.rugbyradiolive.www.twa&hl=eu,2025-10-31
https://play.google.com/store/apps/details?id=com.rugbyradiolive.www.twa&hl=et,2025-10-30
https://play.google.com/store/apps/details?id=com.rugbyradiolive.www.twa&hl=fa,2025-10-30
https://play.google.com/store/apps/details?id=com.rugbyradiolive.www.twa&hl=es_CR,2025-09-20
https://chrome-stats.com/d/com.rugbyradiolive.www.twa?hl=zh-CN,2025-09-17
https://play.google.com/store/apps/details?id=com.rugbyradiolive.www.twa&hl=es,2025-09-04
https://play.google.com/store/apps/details?id=com.rugbyradiolive.www.twa&hl=en_AU,2025-08-29
https://play.google.com/store/apps/details?id=com.rugbyradiolive.www.twa&hl=el,2025-08-05
https://play.google.com/store/apps/details?id=com.rugbyradiolive.www.twa&hl=da,2025-08-02
https://play.google.com/store/apps/details?id=com.rugbyradiolive.www.twa&hl=de,2025-07-25
https://play.google.com/store/apps/details?id=com.rugbyradiolive.www.twa&hl=bn,2025-07-17
https://play.google.com/store/apps/details?id=com.rugbyradiolive.www.twa&hl=ca,2025-07-02
https://play.google.com/store/apps/details?id=com.rugbyradiolive.www.twa&hl=cs,2025-07-02
https://play.google.com/store/apps/details?id=com.rugbyradiolive.www.twa&hl=bs,2025-06-21
https://play.google.com/store/apps/details?id=com.rugbyradiolive.www.twa&hl=am,2025-06-20
https://play.google.com/store/apps/details?id=com.rugbyradiolive.www.twa&hl=ar,2025-06-20
https://play.google.com/store/apps/details?id=com.rugbyradiolive.www.twa&hl=as,2025-06-20
https://play.google.com/store/apps/details?id=com.rugbyradiolive.www.twa&hl=az,2025-06-20
https://play.google.com/store/apps/details?id=com.rugbyradiolive.www.twa&hl=be,2025-06-20
https://play.google.com/store/apps/details?id=com.rugbyradiolive.www.twa&hl=bg,2025-06-20
https://play.google.com/store/apps/details?id=com.rugbyradiolive.www.twa&hl=af,2025-06-19
https://play.google.com/store/apps/details?id=com.rugbyradiolive.www.twa,2025-04-04
https://www.addurl.in/redirect.php?ref_host=badiel.co.il,1970-01-01