URL,Ultima scansione
https://blog.rugbyradiolive.com/EN/20250904163326345263.html,2026-05-08
https://blog.rugbyradiolive.com/ja/20260422000013693D97.html,2026-05-08
https://blog.rugbyradiolive.com/ja/2025090416441091675D.html,2026-05-08
https://blog.rugbyradiolive.com/en/20260422000013693D97.html,2026-05-08
https://blog.rugbyradiolive.com/it/2025090416272823918E.html,2026-05-08
https://www.rugbyradiolive.com/,2026-05-08
https://blog.rugbyradiolive.com/en/2025090416441091675D.html,2026-05-08
https://blog.rugbyradiolive.com/es/20250905202131350D3F.html,2026-05-08
https://blog.rugbyradiolive.com/fr/2026032100000055BFC3.html,2026-05-08
https://blog.rugbyradiolive.com/it/20260422000013693D97.html,2026-05-08
https://blog.rugbyradiolive.com/es/20260422000013693D97.html,2026-05-07
https://blog.rugbyradiolive.com/es/20260313000010EA7DB5.html,2026-05-07
https://blog.rugbyradiolive.com/en/20260313000010EA7DB5.html,2026-05-07
https://blog.rugbyradiolive.com/fr/2026033100080072CCCD.html,2026-05-07
https://blog.rugbyradiolive.com/fr/20260422000013693D97.html,2026-05-07
https://blog.rugbyradiolive.com/it/2025090416441091675D.html,2026-05-07
https://blog.rugbyradiolive.com/ja/20250515135539178B30.html,2026-05-07
https://www.rugbyradiolive.com/assets/static/ai-talkers.html,2026-05-07
https://blog.rugbyradiolive.com/en/index.html,2026-05-07
https://blog.rugbyradiolive.com/fr/index.html,2026-05-06
https://blog.rugbyradiolive.com/es/20250515135539178B30.html,2026-05-06
https://blog.rugbyradiolive.com/en/20250515135539178B30.html,2026-05-06
https://blog.rugbyradiolive.com/es/20250905192123832AF1.html,2026-05-06
https://blog.rugbyradiolive.com/fr/20250905192123832AF1.html,2026-05-06
https://blog.rugbyradiolive.com/it/20251019110336F76CB3.html,2026-05-06
https://blog.rugbyradiolive.com/en/2026033100080072CCCD.html,2026-05-06
https://blog.rugbyradiolive.com/ja/20250905192123832AF1.html,2026-05-06
https://blog.rugbyradiolive.com/fr/2025090416441091675D.html,2026-05-06
https://blog.rugbyradiolive.com/fr/202602030000131AF577.html,2026-05-06
https://blog.rugbyradiolive.com/it/202602030000131AF577.html,2026-05-05
https://blog.rugbyradiolive.com/fr/2026031000000717BA5E.html,2026-05-05
https://blog.rugbyradiolive.com/it/20250905192123832AF1.html,2026-05-05
https://blog.rugbyradiolive.com/ja/202602030000131AF577.html,2026-05-04
https://blog.rugbyradiolive.com/fr/20250904164501F5B0A7.html,2026-05-03
https://blog.rugbyradiolive.com/fr/2025090416272823918E.html,2026-05-03
https://blog.rugbyradiolive.com/it/20250515135539178B30.html,2026-05-02
https://blog.rugbyradiolive.com/es/202602030000131AF577.html,2026-05-02
https://www.rugbyradiolive.com/g-match/202509050659323A414D,2026-05-02
https://blog.rugbyradiolive.com/ES/2025090416441091675D.html,2026-05-02
https://blog.rugbyradiolive.com/en/20251019110336F76CB3.html,2026-05-01
https://blog.rugbyradiolive.com/en/202602030000131AF577.html,2026-05-01
https://blog.rugbyradiolive.com/en/20250905192123832AF1.html,2026-05-01
https://blog.rugbyradiolive.com/fr/202510250934381770D8.html,2026-05-01
https://blog.rugbyradiolive.com/es/202510250934381770D8.html,2026-05-01
https://rugbyradiolive.com/assets/static/tutorial.html,2026-05-01
https://blog.rugbyradiolive.com/ja/20250905202131350D3F.html,2026-04-30
https://blog.rugbyradiolive.com/fr/20250905202131350D3F.html,2026-04-29
https://www.rugbyradiolive.com/g-match/202504041815302B84A4,2026-04-28
https://blog.rugbyradiolive.com/it/20250905202131350D3F.html,2026-04-28
https://blog.rugbyradiolive.com/ES/2025101717182539012A.html,2026-04-27
https://blog.rugbyradiolive.com/fr/202509041348454CD102.html,2026-04-26
https://blog.rugbyradiolive.com/es/2025090520121751742C.html,2026-04-26
https://blog.rugbyradiolive.com/en/202509051929593A6447.html,2026-04-24
https://blog.rugbyradiolive.com/it/2026031000000717BA5E.html,2026-04-23
https://blog.rugbyradiolive.com/it/202509051929593A6447.html,2026-04-23
https://blog.rugbyradiolive.com/es/2026031000000717BA5E.html,2026-04-23
https://blog.rugbyradiolive.com/ES/20250904170317805D3C.html,2026-04-22
https://blog.rugbyradiolive.com/fr/202509051929593A6447.html,2026-04-22
https://blog.rugbyradiolive.com/ja/202509051929593A6447.html,2026-04-22
https://blog.rugbyradiolive.com/fr/202504260804250F3A2E.html,2026-04-20
https://blog.rugbyradiolive.com/en/2026031000000717BA5E.html,2026-04-18
https://blog.rugbyradiolive.com/EN/202510250934381770D8.html,2026-04-16
https://blog.rugbyradiolive.com/ES/20250905193919365732.html,2026-04-16
https://rugbyradiolive.com/g-blog,2026-04-16
https://rugbyradiolive.com/assets/static/news.html,2026-04-16
https://blog.rugbyradiolive.com/en/202509052029031EFD27.html,2026-04-16
https://blog.rugbyradiolive.com/en/2025090520121751742C.html,2026-04-16
https://blog.rugbyradiolive.com/ja/2025090520121751742C.html,2026-04-16
https://blog.rugbyradiolive.com/it/20260213000638091365.html,2026-04-16
https://blog.rugbyradiolive.com/it/2025090520121751742C.html,2026-04-15
https://blog.rugbyradiolive.com/fr/2025090520121751742C.html,2026-04-15
https://blog.rugbyradiolive.com/en/20260213000638091365.html,2026-04-15
https://blog.rugbyradiolive.com/en/20260216000007EC7F93.html,2026-04-15
https://blog.rugbyradiolive.com/ja/20260213000638091365.html,2026-04-15
https://blog.rugbyradiolive.com/fr/20260213000638091365.html,2026-04-15
https://blog.rugbyradiolive.com/es/20260213000638091365.html,2026-04-15
https://blog.rugbyradiolive.com/ja/202509041348454CD102.html,2026-04-13
https://blog.rugbyradiolive.com/EN/20250904164501F5B0A7.html,2026-04-12
https://www.rugbyradiolive.com/g-match/20250913161832c8b926,2026-04-12
https://blog.rugbyradiolive.com/ja/202503080715052F8B82.html,2026-04-12
https://blog.rugbyradiolive.com/es/202504260804250F3A2E.html,2026-04-12
https://blog.rugbyradiolive.com/es/2026032100000055BFC3.html,2026-04-12
https://blog.rugbyradiolive.com/it/20260306000957883146.html,2026-04-12
https://blog.rugbyradiolive.com/es/202509041348454CD102.html,2026-04-12
https://blog.rugbyradiolive.com/ES/20251019110336F76CB3.html,2026-04-12
https://blog.rugbyradiolive.com/it/202509041348454CD102.html,2026-04-11
https://blog.rugbyradiolive.com/en/202509041348454CD102.html,2026-04-11
https://blog.rugbyradiolive.com/ES/20250905202131350D3F.html,2026-04-10
https://blog.rugbyradiolive.com/ES/202509041647148FCAA1.html,2026-04-10
https://blog.rugbyradiolive.com/es/20260216000007EC7F93.html,2026-04-08
https://blog.rugbyradiolive.com/ja/2026031000000717BA5E.html,2026-04-08
https://blog.rugbyradiolive.com/ja/20250220101327A932BE.html,2026-04-08
https://blog.rugbyradiolive.com/ja/202603120006486E31FB.html,2026-04-08
https://blog.rugbyradiolive.com/it/202504260804250F3A2E.html,2026-04-08
https://blog.rugbyradiolive.com/fr/20260313000010EA7DB5.html,2026-04-08
https://blog.rugbyradiolive.com/EN/20241116115811957667.html,2026-04-07
https://blog.rugbyradiolive.com/ja/2026033100080072CCCD.html,2026-04-07
https://blog.rugbyradiolive.com/it/2026032100000055BFC3.html,2026-04-07
https://blog.rugbyradiolive.com/ja/2026032100000055BFC3.html,2026-04-07
https://blog.rugbyradiolive.com/ja/20260313000010EA7DB5.html,2026-04-07
https://blog.rugbyradiolive.com/it/2026033100080072CCCD.html,2026-04-07
https://blog.rugbyradiolive.com/es/2026033100080072CCCD.html,2026-04-07
https://blog.rugbyradiolive.com/en/20250220101327A932BE.html,2026-04-07
https://blog.rugbyradiolive.com/ja/202504260804250F3A2E.html,2026-04-06
https://blog.rugbyradiolive.com/en/2026032100000055BFC3.html,2026-04-06
https://blog.rugbyradiolive.com/ja/20260315000009507C0D.html,2026-04-06
https://blog.rugbyradiolive.com/ja/2025090416272823918E.html,2026-04-05
https://rugbyradiolive.com/assets/static/why.html,2026-04-05
https://blog.rugbyradiolive.com/fr/20260315000009507C0D.html,2026-04-05
https://blog.rugbyradiolive.com/en/2025090416272823918E.html,2026-04-05
https://blog.rugbyradiolive.com/es/2025090416272823918E.html,2026-04-05
https://blog.rugbyradiolive.com/it/20250220101327A932BE.html,2026-04-05
https://blog.rugbyradiolive.com/en/20260315000009507C0D.html,2026-04-05
https://blog.rugbyradiolive.com/ja/202509052029031EFD27.html,2026-04-04
https://blog.rugbyradiolive.com/it/202509052029031EFD27.html,2026-04-04
https://blog.rugbyradiolive.com/fr/20250220101327A932BE.html,2026-04-04
https://blog.rugbyradiolive.com/es/index.html,2026-04-03
https://blog.rugbyradiolive.com/ja/20260306000957883146.html,2026-04-03
https://blog.rugbyradiolive.com/es/index-11.html,2026-04-03
https://blog.rugbyradiolive.com/es/202503080715052F8B82.html,2026-04-03
https://blog.rugbyradiolive.com/it/202503080715052F8B82.html,2026-04-03
https://blog.rugbyradiolive.com/fr/202503080715052F8B82.html,2026-04-03
https://blog.rugbyradiolive.com/en/202503080715052F8B82.html,2026-04-03
https://blog.rugbyradiolive.com/ES/20250904162650AFE8E2.html,2026-04-03
https://blog.rugbyradiolive.com/it/20260315000009507C0D.html,2026-04-03
https://blog.rugbyradiolive.com/EN/202509040857378EE55B.html,2026-04-02
https://blog.rugbyradiolive.com/,2026-04-02
https://blog.rugbyradiolive.com/EN/2026021300000087D215.html,2026-04-02
https://blog.rugbyradiolive.com/es/202509052029031EFD27.html,2026-04-02
https://blog.rugbyradiolive.com/fr/202509052029031EFD27.html,2026-04-01
https://blog.rugbyradiolive.com/fr/20260306000957883146.html,2026-04-01
https://blog.rugbyradiolive.com/en/20260306000957883146.html,2026-04-01
https://blog.rugbyradiolive.com/es/20260315000009507C0D.html,2026-04-01
https://blog.rugbyradiolive.com/it/202603100008406F7305.html,2026-04-01
https://blog.rugbyradiolive.com/it/20260216000007EC7F93.html,2026-04-01
https://blog.rugbyradiolive.com/ja/20260216000007EC7F93.html,2026-04-01
https://blog.rugbyradiolive.com/it/202509041656366E70FB.html,2026-04-01
https://blog.rugbyradiolive.com/es/20250220101327A932BE.html,2026-04-01
https://blog.rugbyradiolive.com/EN/20250214201833590426.html,2026-04-01
https://blog.rugbyradiolive.com/EN/20250214164658D21D5B.html,2026-04-01
https://blog.rugbyradiolive.com/es/202509041656366E70FB.html,2026-04-01
https://blog.rugbyradiolive.com/en/202509041656366E70FB.html,2026-04-01
https://blog.rugbyradiolive.com/es/20260306000957883146.html,2026-04-01
https://blog.rugbyradiolive.com/ES/20250904164023C27EE2.html,2026-03-31
https://blog.rugbyradiolive.com/fr/202509041656366E70FB.html,2026-03-31
https://blog.rugbyradiolive.com/ja/202509041656366E70FB.html,2026-03-31
https://blog.rugbyradiolive.com/EN/2025022010004956E590.html,2026-03-31
https://blog.rugbyradiolive.com/ES/202509041355310C392E.html,2026-03-31
https://blog.rugbyradiolive.com/it/202603120006486E31FB.html,2026-03-31
https://blog.rugbyradiolive.com/EN/20250904070454E60C43.html,2026-03-31
https://blog.rugbyradiolive.com/ES/20250220101124AE6F78.html,2026-03-31
https://blog.rugbyradiolive.com/it/20260313000010EA7DB5.html,2026-03-31
https://blog.rugbyradiolive.com/fr/20260216000007EC7F93.html,2026-03-31
https://blog.rugbyradiolive.com/en/202603120006486E31FB.html,2026-03-31
https://blog.rugbyradiolive.com/es/202603120006486E31FB.html,2026-03-31
https://blog.rugbyradiolive.com/EN/20250905193919365732.html,2026-03-31
https://blog.rugbyradiolive.com/ES/20250904163559021D13.html,2026-03-31
https://blog.rugbyradiolive.com/fr/202603120006486E31FB.html,2026-03-31
https://blog.rugbyradiolive.com/en/202603100008406F7305.html,2026-03-31
https://blog.rugbyradiolive.com/EN/202509041647148FCAA1.html,2026-03-29
https://blog.rugbyradiolive.com/EN/202502201015345EA697.html,2026-03-29
https://blog.rugbyradiolive.com/ja/202603100008406F7305.html,2026-03-29
https://blog.rugbyradiolive.com/fr/202603100008406F7305.html,2026-03-28
https://blog.rugbyradiolive.com/es/202603100008406F7305.html,2026-03-27
https://blog.rugbyradiolive.com/EN/20250903205046B6B11F.html,2026-03-27
https://blog.rugbyradiolive.com/EN/2024100521264518B253.html,2026-03-27
https://blog.rugbyradiolive.com/EN/2025090413434498896C.html,2026-03-27
https://blog.rugbyradiolive.com/EN/20250905203318C32D9A.html,2026-03-27
https://blog.rugbyradiolive.com/EN/20250913150557E4FCDB.html,2026-03-27
https://blog.rugbyradiolive.com/EN/2025090419361994EF92.html,2026-03-27
https://blog.rugbyradiolive.com/EN/20250905201658D5A9D1.html,2026-03-27
https://blog.rugbyradiolive.com/EN/20240907094008FCD89E.html,2026-03-27
https://www.rugbyradiolive.com/g-channel/0c76e1f488af4634a886,2026-03-25
https://blog.rugbyradiolive.com/ES/202411081845007D391F.html,2026-03-25
https://blog.rugbyradiolive.com/EN/20250904170534010872.html,2026-03-24
https://blog.rugbyradiolive.com/ES/202504042003209AD12D.html,2026-03-23
https://blog.rugbyradiolive.com/EN/2024092814365780C4CF.html,2026-03-23
https://blog.rugbyradiolive.com/es/202509051929593A6447.html,2026-03-22
https://blog.rugbyradiolive.com/ES/2024092814365780C4CF.html,2026-03-22
https://blog.rugbyradiolive.com/ES/20250214164658D21D5B.html,2026-03-22
https://blog.rugbyradiolive.com/ES/20250905070231651A8C.html,2026-03-20
https://blog.rugbyradiolive.com/ES/20250904132759183794.html,2026-03-18
https://www.rugbyradiolive.com/assets/static/terms.html,2026-03-17