Query più frequenti,Clic,Impressioni,CTR,Posizione
live rugby commentary today,7,157,4.46%,5.97
live rugby commentary on radio free,7,76,9.21%,6.09
rugby radio,5,48,10.42%,14
live rugby commentary on radio,4,42,9.52%,11.4
live rugby on radio today,3,95,3.16%,6.49
live rugby radio,3,24,12.5%,13.96
live rugby commentary on radio online free,3,23,13.04%,5.65
rugby radio live,2,65,3.08%,8.14
live rugby commentary,2,44,4.55%,9.32
rugby commentary,2,41,4.88%,9.66
live rugby on radio today free,2,27,7.41%,5.56
rugby commentary radio,2,18,11.11%,2.44
radio rugby live,1,48,2.08%,10.06
rugby commentary live,1,27,3.7%,7.96
radio rugby commentary,1,14,7.14%,5.86
live rugby commentary on radio free online,1,9,11.11%,5.22
rugby world cup live radio commentary,0,85,0%,7.73
rugby live commentary,0,35,0%,10.71
radio rugby,0,32,0%,15.81
blog rugby,0,30,0%,22.57
rugby blog,0,28,0%,28.93
rugby on radio today,0,22,0%,9
live rugby commentary today free,0,19,0%,4.21
rugby radio station,0,19,0%,13.32
live commentary rugby,0,18,0%,8.67
zorblax,0,16,0%,7.12
rugby on the radio today,0,16,0%,8.69
"""the game saw one yellow card""",0,15,0%,6.27
live rugby league commentary on radio free,0,13,0%,8.62
rugby on radio,0,13,0%,9.23
what radio station is the rugby on today,0,13,0%,11.38
rugby union live radio,0,12,0%,13.42
live rugby commentary online,0,12,0%,20.33
rugby on the radio,0,10,0%,8
live rugby commentary radio,0,9,0%,8.78
radio station rugby,0,9,0%,18.78
rugby radio commentary,0,8,0%,7.38
listen to rugby live,0,8,0%,24.75
rugby live,0,8,0%,46.38
live commentary rugby today,0,7,0%,9.29
rugby live radio,0,7,0%,10
live rugby on radio,0,6,0%,6.17
rugby on radio live,0,6,0%,8.83
"""game saw one yellow card""",0,6,0%,9.5
listen to rugby on radio,0,6,0%,11.67
radio rugby direct,0,6,0%,17.5
live rugby radio commentary new zealand,0,6,0%,31.67
rugby live on radio,0,5,0%,10.4
rugby en direct radio,0,5,0%,21.4
rugby world cup radio,0,5,0%,23.8
live rugby radio commentary,0,4,0%,5.75
what radio station is the rugby on,0,4,0%,13
listen rugby live,0,4,0%,15.25
rugby fm,0,4,0%,27.5
live rugby commentators today,0,3,0%,6
quelle radio diffuse le match de rugby en direct,0,3,0%,8.67
where can i listen to the rugby today,0,3,0%,9
match rugby radio en direct aujourd'hui,0,3,0%,11
radio sport live rugby,0,3,0%,13.33
live commentary rugby league,0,3,0%,28
rugby league live on radio,0,3,0%,33
"""the game saw one yellow card"" ""both teams""",0,2,0%,2.5
crusaders vs chiefs live radio,0,2,0%,5
la montagne rugby direct,0,2,0%,6
live rugby league commentary on radio free online,0,2,0%,8
on what radio station is the rugby,0,2,0%,8
トルメンタアズリ,0,2,0%,8
rugby commentary today,0,2,0%,9
live radio rugby,0,2,0%,9.5
sur quelle radio est diffusé le match de rugby,0,2,0%,10.5
live rugby on radio south africa today,0,2,0%,14.5
super rugby live radio commentary,0,2,0%,16.5
live rugby league commentary,0,2,0%,19
rugby league live radio commentary,0,2,0%,19
rugby league live commentary,0,2,0%,19.5
rugby league radio,0,2,0%,31.5
super rugby commentary live,0,2,0%,34.5
galles rugby,0,2,0%,40.5
super rugby radio commentary,0,2,0%,42.5
rugby live feed,0,2,0%,47
ran rugby live,0,2,0%,48.5
yes,0,1,0%,2
radio match rugby,0,1,0%,5
"""2. minute"" ""29. minute"" ""53. minute"" ""yellow cards""",0,1,0%,7
match rugby radio,0,1,0%,7
rugby fm radio,0,1,0%,9
radio 5 live rugby,0,1,0%,10
rigby radio,0,1,0%,10
listen to rugby,0,1,0%,13
rugby radio direct,0,1,0%,13
what radio channel is the rugby on,0,1,0%,13
radio coverage of rugby today,0,1,0%,16
live rugby league on radio,0,1,0%,17
radio csbj direct,0,1,0%,17
rugby league commentary today live free,0,1,0%,17
rugby radios,0,1,0%,18
live rugby league radio,0,1,0%,20
rugby league commentary today,0,1,0%,20
listen to super rugby on radio,0,1,0%,21
live rugby league radio commentary,0,1,0%,21
rugby league radio commentary,0,1,0%,22
rugby league radio live,0,1,0%,22
rugby league live radio,0,1,0%,24
rugby broadcasters,0,1,0%,29
asr milano rugby,0,1,0%,30
live rugby league commentary on radio,0,1,0%,30
lions radio commentary,0,1,0%,31
sur quelle radio écouter le match de rugby ?,0,1,0%,31
farfalle di ferro,0,1,0%,32
live commentary super rugby,0,1,0%,35
live rugby online free,0,1,0%,37
live rugby,0,1,0%,39
live commentary nrl,0,1,0%,41
what radio station is rugby league on,0,1,0%,43
live rugby union,0,1,0%,46
bulldog radio,0,1,0%,48
radio match rugby en direct aujourd hui,0,1,0%,48
super rugby live commentary,0,1,0%,51
super rugby radio,0,1,0%,61
rugby direct,0,1,0%,71
rugby music live,0,1,0%,76
rugby blogs,0,1,0%,80