Pagine principali,Clic,Impressioni,CTR,Posizione
https://rugbyradiolive.com/,79,2366,3.34%,9.88
https://blog.rugbyradiolive.com/fr/index.html,0,44,0%,22
https://rugbyradiolive.com/team-zorblax.html,0,28,0%,7.71
https://rugbyradiolive.com/g-matches,0,26,0%,46.81
https://rugbyradiolive.com/g-match/20260128000013B2F495,0,23,0%,6.78
https://blog.rugbyradiolive.com/en/index.html,0,20,0%,50.8
https://rugbyradiolive.com/g-match/20250904134621727E5D,0,17,0%,6.53
https://blog.rugbyradiolive.com/en/20260128000013b2f495.html,0,17,0%,6.82
https://blog.rugbyradiolive.com/,0,15,0%,21.47
https://rugbyradiolive.com/g-channel/13F3471B1F7A472E8C1A,0,13,0%,36.85
https://rugbyradiolive.com/g-channel/4A0FDFEA53654793802A,0,13,0%,48.85
https://rugbyradiolive.com/g-match/20260128000013b2f495,0,11,0%,5.09
https://rugbyradiolive.com/g-channel/202605031801254404A0,0,11,0%,40.64
https://rugbyradiolive.com/g-match/202604210010423b0cb0,0,7,0%,5
https://rugbyradiolive.com/g-channel/202606020002045EFE84,0,7,0%,54.43
https://www.rugbyradiolive.com/g-match/20250904165824a7fbf5,0,6,0%,6.83
https://www.rugbyradiolive.com/g-match/20260216000007EC7F93,0,5,0%,6
https://blog.rugbyradiolive.com/en/202604210010423B0CB0.html,0,5,0%,8
https://blog.rugbyradiolive.com/it/index.html,0,5,0%,18.6
https://rugbyradiolive.com/assets/static/tutorial.html,0,5,0%,19.6
https://rugbyradiolive.com/architecture,0,5,0%,27.2
https://rugbyradiolive.com/assets/static/ai-talkers.html,0,5,0%,43.6
https://rugbyradiolive.com/g-match/20260213000638091365,0,4,0%,6
https://rugbyradiolive.com/g-match/202503080715052F8B82,0,4,0%,7
https://rugbyradiolive.com/g-match/202604200000056a5634,0,4,0%,7
https://blog.rugbyradiolive.com/ja/20250904162956cb9e32.html,0,4,0%,10.5
https://rugbyradiolive.com/user-login,0,4,0%,32
https://www.rugbyradiolive.com/g-match/2026051500001152CC06,0,3,0%,1
https://rugbyradiolive.com/g-match/2024100521264518b253,0,3,0%,1.33
https://rugbyradiolive.com/g-match/20260315000009507C0D,0,3,0%,3
https://www.rugbyradiolive.com/g-match/20250904133520DD7A0C,0,3,0%,7
https://www.rugbyradiolive.com/g-match/2026042800001225F0AE,0,3,0%,8
https://rugbyradiolive.com/g-match/20250905203318C32D9A,0,3,0%,10.67
https://rugbyradiolive.com/g-match/20260527001318fa94f9,0,3,0%,29.33
https://rugbyradiolive.com/g-match/20250214201833590426,0,2,0%,2
https://rugbyradiolive.com/g-match/202509040857378ee55b,0,2,0%,3
https://rugbyradiolive.com/g-match/202409211003344F9909,0,2,0%,4
https://www.rugbyradiolive.com/g-match/20250214164658D21D5B,0,2,0%,4
https://rugbyradiolive.com/g-match/2025022213421909FC7E,0,2,0%,5
https://www.rugbyradiolive.com/g-match/20250904162650afe8e2,0,2,0%,5
https://rugbyradiolive.com/g-channel/0C76E1F488AF4634A886,0,2,0%,6
https://www.rugbyradiolive.com/g-match/202409211003344F9909,0,2,0%,7.5
https://rugbyradiolive.com/g-match/20260510000012F870DB,0,2,0%,9
https://rugbyradiolive.com/g-team/20250904162534182295,0,2,0%,13.5
https://rugbyradiolive.com/g-channel/00B58AD1BFD3472C9561,0,2,0%,25.5
https://rugbyradiolive.com/g-channel/20260401120055557B8C,0,2,0%,25.5
https://rugbyradiolive.com/g-team/20240906131150215DDB,0,2,0%,26.5
https://rugbyradiolive.com/team-bulldog.html,0,2,0%,28
https://blog.rugbyradiolive.com/es/index.html,0,2,0%,29.5
https://blog.rugbyradiolive.com/ja/202509040717098126dc.html,0,2,0%,34
https://rugbyradiolive.com/g-team/202502200901434C1B53,0,2,0%,40.5
https://rugbyradiolive.com/g-channel/202602040601007A3ECE,0,2,0%,56
https://blog.rugbyradiolive.com/en/20260512001046EDFFDA.html,0,2,0%,60
https://blog.rugbyradiolive.com/ja/20260316000917dad34a.html,0,2,0%,64
https://rugbyradiolive.com/g-team/202510191103364BA02E,0,2,0%,64
https://blog.rugbyradiolive.com/en/2024092814365780c4cf.html,0,2,0%,70.5
https://blog.rugbyradiolive.com/es/202604150000047d4a7d.html,0,2,0%,72
https://blog.rugbyradiolive.com/en/2026051500112390F6FD.html,0,2,0%,77.5
https://blog.rugbyradiolive.com/ja/202604300000126BC8FC.html,0,1,0%,2
https://rugbyradiolive.com/g-match/202605250000089458ED,0,1,0%,2
https://blog.rugbyradiolive.com/EN/202509040857378EE55B.html,0,1,0%,3
https://blog.rugbyradiolive.com/ja/20250904164647CE39C3.html,0,1,0%,3
https://blog.rugbyradiolive.com/ja/202606070000106065c5.html,0,1,0%,3
https://blog.rugbyradiolive.com/ja/20260408000009b1fb9c.html,0,1,0%,4
https://rugbyradiolive.com/g-match/20260221000006ed627a,0,1,0%,4
https://blog.rugbyradiolive.com/en/20260126000914a77931.html,0,1,0%,5
https://blog.rugbyradiolive.com/es/20260427000011101B66.html,0,1,0%,5
https://blog.rugbyradiolive.com/ja/20260131060014878768.html,0,1,0%,5
https://rugbyradiolive.com/g-match/20250905201658D5A9D1,0,1,0%,5
https://rugbyradiolive.com/g-match/202601191207113b7fc1,0,1,0%,5
https://rugbyradiolive.com/g-team/202509041332501C7C7E,0,1,0%,5
https://rugbyradiolive.com/g-team/20260402060127AF53C4,0,1,0%,5
https://rugbyradiolive.com/team-orfeo.html,0,1,0%,5
https://www.rugbyradiolive.com/g-match/202605100013065FA7D7,0,1,0%,5
https://blog.rugbyradiolive.com/ja/2026033100080072cccd.html,0,1,0%,6
https://rugbyradiolive.com/g-match/202411081845007d391f,0,1,0%,6
https://rugbyradiolive.com/g-match/202601280010067F4C43,0,1,0%,6
https://rugbyradiolive.com/team-vox.html,0,1,0%,6
https://www.rugbyradiolive.com/g-channel/0c76e1f488af4634a886,0,1,0%,6
https://blog.rugbyradiolive.com/en/20250905201658d5a9d1.html,0,1,0%,7
https://blog.rugbyradiolive.com/es/2025022213421909fc7e.html,0,1,0%,7
https://rugbyradiolive.com/g-match/20250904132547d59d27,0,1,0%,7
https://rugbyradiolive.com/g-match/202509041647148fcaa1,0,1,0%,7
https://rugbyradiolive.com/g-match/202603260000071617d1,0,1,0%,7
https://blog.rugbyradiolive.com/ja/20250904163743F56A71.html,0,1,0%,8
https://blog.rugbyradiolive.com/ja/2025090416441091675d.html,0,1,0%,8
https://rugbyradiolive.com/g-match/202509050659323A414D,0,1,0%,8
https://rugbyradiolive.com/g-match/202604150000047D4A7D,0,1,0%,8
https://www.rugbyradiolive.com/g-match/20260427000011101B66,0,1,0%,8
https://blog.rugbyradiolive.com/fr/20260425001200c68cd5.html,0,1,0%,9
https://rugbyradiolive.com/g-match/202511290738196C89AD,0,1,0%,9
https://rugbyradiolive.com/g-match/202601280010067f4c43,0,1,0%,9
https://rugbyradiolive.com/g-team/202604020002010980FA,0,1,0%,9
https://rugbyradiolive.com/g-team/20260503180205D8E6E9,0,1,0%,9
https://blog.rugbyradiolive.com/fr/202509040717098126DC.html,0,1,0%,10
https://blog.rugbyradiolive.com/ja/20250904164049B8436D.html,0,1,0%,10
https://rugbyradiolive.com/g-channel/20260302180027A646E0,0,1,0%,10
https://rugbyradiolive.com/g-match/20250904165824A7FBF5,0,1,0%,10
https://rugbyradiolive.com/g-match/20260417000010A9E068,0,1,0%,10
https://rugbyradiolive.com/g-match/202605190010369CF5FF,0,1,0%,10
https://rugbyradiolive.com/team-blueprint.html,0,1,0%,10
https://www.rugbyradiolive.com/g-match/20250905192123832AF1,0,1,0%,10
https://blog.rugbyradiolive.com/en/202601280010067f4c43.html,0,1,0%,11
https://blog.rugbyradiolive.com/ja/202509040706560291FE.html,0,1,0%,11
https://rugbyradiolive.com/g-channel/6A675B57338840629FC7,0,1,0%,11
https://rugbyradiolive.com/g-match/20250904162650AFE8E2,0,1,0%,11
https://rugbyradiolive.com/g-match/2026033100080072CCCD,0,1,0%,11
https://www.rugbyradiolive.com/g-match/20250904071326db1c48,0,1,0%,11
https://rugbyradiolive.com/g-match/2024102615394649F041,0,1,0%,12
https://rugbyradiolive.com/g-match/20260609000847638EC8,0,1,0%,12
https://rugbyradiolive.com/team-brushy.html,0,1,0%,14
https://rugbyradiolive.com/g-match/202604120000063B82E8,0,1,0%,16
https://rugbyradiolive.com/g-team/20250905192539B5F8F3,0,1,0%,16
https://rugbyradiolive.com/g-match/202604100000135c84d3,0,1,0%,17
https://rugbyradiolive.com/g-team/20250903200656E3021F,0,1,0%,18
https://rugbyradiolive.com/g-team/202606020002507BB19A,0,1,0%,19
https://rugbyradiolive.com/g-match/20260425000000548D7B,0,1,0%,20
https://rugbyradiolive.com/g-team/202509051925581FBC1F,0,1,0%,20
https://blog.rugbyradiolive.com/it/202604150000047d4a7d.html,0,1,0%,21
https://rugbyradiolive.com/g-team/20250904065759F085CA,0,1,0%,21
https://www.rugbyradiolive.com/assets/static/terms.html,0,1,0%,21
https://rugbyradiolive.com/g-team/202605030603553CAAF6,0,1,0%,22
https://rugbyradiolive.com/g-channel/6609a9e6,0,1,0%,23
https://rugbyradiolive.com/team-analysta.html,0,1,0%,24
https://rugbyradiolive.com/g-channel/C6C0A6A5524641A8B474,0,1,0%,25
https://rugbyradiolive.com/g-team/20260115200939AB7499,0,1,0%,27
https://rugbyradiolive.com/g-team/2026060200030288FFC3,0,1,0%,28
https://rugbyradiolive.com/g-team/20260302000059FDD4C5,0,1,0%,29
https://rugbyradiolive.com/g-team/2025091315055700E8D4,0,1,0%,30
https://www.rugbyradiolive.com/g-match/2026050200071050126A,0,1,0%,30
https://blog.rugbyradiolive.com/ja/2026032300001081f490.html,0,1,0%,33
https://www.rugbyradiolive.com/g-match/20250220101226b85369,0,1,0%,35
https://blog.rugbyradiolive.com/es/20250904071912c420c0.html,0,1,0%,37
https://blog.rugbyradiolive.com/en/202605100036493EA776.html,0,1,0%,38
https://blog.rugbyradiolive.com/es/202603250000076e6cd7.html,0,1,0%,39
https://blog.rugbyradiolive.com/en/20260121001012bac77c.html,0,1,0%,40
https://blog.rugbyradiolive.com/es/20260124000002969880.html,0,1,0%,41
https://blog.rugbyradiolive.com/en/20260322001005fe17ab.html,0,1,0%,42
https://blog.rugbyradiolive.com/es/2025051513491963ba63.html,0,1,0%,43
https://www.rugbyradiolive.com/g-channel/3ca80f7242b24b28a1db,0,1,0%,44
https://blog.rugbyradiolive.com/es/202606040000025266ad.html,0,1,0%,45
https://blog.rugbyradiolive.com/en/20260510000012f870db.html,0,1,0%,46
https://blog.rugbyradiolive.com/ja/20260208000008212cdc.html,0,1,0%,47
https://blog.rugbyradiolive.com/en/20250904071912c420c0.html,0,1,0%,48
https://blog.rugbyradiolive.com/es/20260418000013525d68.html,0,1,0%,49
https://blog.rugbyradiolive.com/es/20260308000001E1006E.html,0,1,0%,50
https://blog.rugbyradiolive.com/ja/20260420002142679a3f.html,0,1,0%,51
https://blog.rugbyradiolive.com/es/20260316000917dad34a.html,0,1,0%,52
https://blog.rugbyradiolive.com/ja/202509040702373f32c9.html,0,1,0%,53
https://rugbyradiolive.com/g-team/2026060200025637A486,0,1,0%,53
https://blog.rugbyradiolive.com/es/20260131060014878768.html,0,1,0%,54
https://blog.rugbyradiolive.com/es/20250515135539178b30.html,0,1,0%,55
https://blog.rugbyradiolive.com/es/20260121001012bac77c.html,0,1,0%,56
https://blog.rugbyradiolive.com/en/20260514000011452F61.html,0,1,0%,58
https://blog.rugbyradiolive.com/es/20260413000948ae1d56.html,0,1,0%,59
https://blog.rugbyradiolive.com/es/20260613002100803522.html,0,1,0%,60
https://blog.rugbyradiolive.com/es/202509131731011ac56e.html,0,1,0%,61
https://blog.rugbyradiolive.com/es/2025090520121751742c.html,0,1,0%,62
https://blog.rugbyradiolive.com/es/202510250934381770d8.html,0,1,0%,63
https://blog.rugbyradiolive.com/ja/20260212000854d8c475.html,0,1,0%,64
https://blog.rugbyradiolive.com/en/20250904170534010872.html,0,1,0%,66
https://blog.rugbyradiolive.com/es/202601202032052ecd3d.html,0,1,0%,67
https://blog.rugbyradiolive.com/en/202606110600084ec1ff.html,0,1,0%,68
https://blog.rugbyradiolive.com/en/202509041647148fcaa1.html,0,1,0%,69
https://rugbyradiolive.com/g-channel/3B1B1F71755645849575,0,1,0%,69
https://blog.rugbyradiolive.com/es/20250905202613f89257.html,0,1,0%,70
https://blog.rugbyradiolive.com/es/20260420002142679a3f.html,0,1,0%,71
https://blog.rugbyradiolive.com/it/202603250000076e6cd7.html,0,1,0%,72
https://blog.rugbyradiolive.com/es/20250904133520dd7a0c.html,0,1,0%,73
https://blog.rugbyradiolive.com/ja/202604270010169D817F.html,0,1,0%,74
https://blog.rugbyradiolive.com/es/20260115201319102117.html,0,1,0%,75
https://blog.rugbyradiolive.com/es/20260607002247e2a578.html,0,1,0%,76
https://blog.rugbyradiolive.com/en/2026051500001152CC06.html,0,1,0%,77
https://blog.rugbyradiolive.com/es/20260208000008212cdc.html,0,1,0%,78
https://blog.rugbyradiolive.com/es/20250904163743f56a71.html,0,1,0%,79
https://blog.rugbyradiolive.com/fr/20260612000008d65e82.html,0,1,0%,80
https://blog.rugbyradiolive.com/es/20260412000850dc264f.html,0,1,0%,81
https://blog.rugbyradiolive.com/en/20260607001032cf2f86.html,0,1,0%,82
https://blog.rugbyradiolive.com/ja/20250904194309e89cdf.html,0,1,0%,83
https://blog.rugbyradiolive.com/ja/20260606000007e7cc42.html,0,1,0%,84
https://blog.rugbyradiolive.com/es/20260427000011101b66.html,0,1,0%,85
https://rugbyradiolive.com/g-channel/318C61FC,0,1,0%,85
https://blog.rugbyradiolive.com/es/20260425001200c68cd5.html,0,1,0%,86
https://blog.rugbyradiolive.com/en/202509032041421103e1.html,0,1,0%,87
https://blog.rugbyradiolive.com/it/20260607001032cf2f86.html,0,1,0%,88
https://blog.rugbyradiolive.com/ja/202602060000058ecfc8.html,0,1,0%,89
https://blog.rugbyradiolive.com/fr/20260320000003e49499.html,0,1,0%,90
https://blog.rugbyradiolive.com/es/20260612000008d65e82.html,0,1,0%,91
https://blog.rugbyradiolive.com/en/202602170000145a7d8c.html,0,1,0%,92
https://blog.rugbyradiolive.com/es/202606090000130665d7.html,0,1,0%,93
https://blog.rugbyradiolive.com/es/202604250021290fb8c5.html,0,1,0%,94
https://blog.rugbyradiolive.com/en/20260320000003e49499.html,0,1,0%,95
https://blog.rugbyradiolive.com/es/202509040659133f1567.html,0,1,0%,96
https://blog.rugbyradiolive.com/es/20250904170534010872.html,0,1,0%,97
https://blog.rugbyradiolive.com/en/202605130000072ebcf9.html,0,1,0%,98
https://blog.rugbyradiolive.com/it/202509040857378ee55b.html,0,1,0%,99
https://blog.rugbyradiolive.com/ja/20260613002100803522.html,0,1,0%,100
https://blog.rugbyradiolive.com/en/20260209000000c5124e.html,0,1,0%,101
https://blog.rugbyradiolive.com/ja/20260607002247e2a578.html,0,1,0%,102
https://blog.rugbyradiolive.com/en/202601202032052ecd3d.html,0,1,0%,103
https://blog.rugbyradiolive.com/ja/20260418000013525d68.html,0,1,0%,104
https://blog.rugbyradiolive.com/en/202605120000052b5a2a.html,0,1,0%,105
https://blog.rugbyradiolive.com/it/202606090000130665d7.html,0,1,0%,106
https://blog.rugbyradiolive.com/ja/202606130010482b2ea1.html,0,1,0%,107
https://blog.rugbyradiolive.com/es/2026060800001186f667.html,0,1,0%,110
https://blog.rugbyradiolive.com/es/20260607001032cf2f86.html,0,1,0%,111
https://blog.rugbyradiolive.com/en/20250904170317805d3c.html,0,1,0%,112
https://blog.rugbyradiolive.com/es/20260223000734705670.html,0,1,0%,113
https://blog.rugbyradiolive.com/es/202606130010482b2ea1.html,0,1,0%,114
https://blog.rugbyradiolive.com/fr/202502201015345ea697.html,0,1,0%,115
https://blog.rugbyradiolive.com/it/202606110600084ec1ff.html,0,1,0%,116
https://blog.rugbyradiolive.com/it/20260224000013c1eff6.html,0,1,0%,117
https://blog.rugbyradiolive.com/es/20260410001050fcd4ad.html,0,1,0%,118
https://blog.rugbyradiolive.com/es/20260520001047f916fe.html,0,1,0%,119
https://blog.rugbyradiolive.com/en/20241116115811957667.html,0,1,0%,120
https://blog.rugbyradiolive.com/es/202602060006434c607d.html,0,1,0%,121
https://blog.rugbyradiolive.com/en/20260510002218A7D200.html,0,1,0%,122
https://blog.rugbyradiolive.com/es/20260414102533dd937a.html,0,1,0%,124
https://blog.rugbyradiolive.com/ja/2026061300000997c9a2.html,0,1,0%,126
https://blog.rugbyradiolive.com/ja/2025022010004956e590.html,0,1,0%,127
https://blog.rugbyradiolive.com/it/202503080715052f8b82.html,0,1,0%,128
https://blog.rugbyradiolive.com/en/20260328000010363A0B.html,0,1,0%,129
https://blog.rugbyradiolive.com/fr/20250220101124ae6f78.html,0,1,0%,130
https://blog.rugbyradiolive.com/es/2025022010004956e590.html,0,1,0%,131
https://blog.rugbyradiolive.com/es/202503080715052f8b82.html,0,1,0%,132
https://blog.rugbyradiolive.com/ja/20260609000847638ec8.html,0,1,0%,133
https://blog.rugbyradiolive.com/en/20240907094008fcd89e.html,0,1,0%,134
https://blog.rugbyradiolive.com/it/2024092814365780c4cf.html,0,1,0%,135
https://blog.rugbyradiolive.com/en/2024100521264518b253.html,0,1,0%,136
https://blog.rugbyradiolive.com/fr/index-4.html,0,1,0%,139
https://blog.rugbyradiolive.com/en/index-9.html,0,1,0%,140